FirstName;Title;Email;CellPhone;Company;JobTitle;WorkAddress;WorkCity;WorkState;WorkZip;WorkCountry
James;Wilson;james.wilson001@example.test;+1 555 1001;Apex Financial Group;Operations Manager;117 Maple Road;New York;NY;10001;United States
Emma;Clark;emma.clark002@example.test;+1 555 1002;Northstar Technologies;Financial Analyst;134 Oak Avenue;Toronto;ON;M5H 2N2;Canada
George;Brown;george.brown003@example.test;+44 555 1003;BlueWave Consulting;HR Business Partner;151 Main Street;London;England;SW1A 1AA;United Kingdom
Felix;Weber;felix.weber004@example.test;+49 555 1004;Apex Financial Group;Marketing Manager;168 Central Avenue;Berlin;BE;10115;Germany
Hugo;Dubois;hugo.dubois005@example.test;+33 555 1005;BlueWave Consulting;Account Executive;185 Central Avenue;Paris;IDF;75001;France
Carlos;Garcia;carlos.garcia006@example.test;+34 555 1006;Summit Healthcare;Customer Success Manager;202 Oak Avenue;Madrid;MD;28001;Spain
Sofia;Conti;sofia.conti007@example.test;+39 555 1007;Pioneer Manufacturing;Software Engineer;219 Main Street;Rome;RM;00100;Italy
Milan;Visser;milan.visser008@example.test;+31 555 1008;Evergreen Retail;IT Manager;236 Oak Avenue;Amsterdam;NH;1012;Netherlands
Leo;Larsson;leo.larsson009@example.test;+46 555 1009;Summit Healthcare;Operations Manager;253 Central Avenue;Stockholm;AB;111 20;Sweden
Noah;Keller;noah.keller010@example.test;+41 555 1010;Summit Healthcare;HR Business Partner;270 Maple Road;Zurich;ZH;8001;Switzerland
William;Taylor;william.taylor011@example.test;+61 555 1011;Lighthouse Media;HR Business Partner;287 Maple Road;Sydney;NSW;2000;Australia
Yui;Suzuki;yui.suzuki012@example.test;+81 555 1012;Evergreen Retail;IT Manager;304 Central Avenue;Tokyo;13;100-0001;Japan
Daniel;Ng;daniel.ng013@example.test;+65 555 1013;Vertex Engineering;IT Manager;321 Market Street;Singapore;SG;018989;Singapore
João;Silva;joao.silva014@example.test;+55 555 1014;BlueWave Consulting;Software Engineer;338 Market Street;Sao Paulo;SP;01000-000;Brazil
Diego;Lopez;diego.lopez015@example.test;+52 555 1015;Summit Healthcare;IT Manager;355 Central Avenue;Mexico City;CMX;01000;Mexico
Priya;Iyer;priya.iyer016@example.test;+91 555 1016;Vertex Engineering;Customer Success Manager;372 Central Avenue;Mumbai;MH;400001;India
Khalid;Rahman;khalid.rahman017@example.test;+971 555 1017;Evergreen Retail;Customer Success Manager;389 Oak Avenue;Dubai;DU;00000;United Arab Emirates
Zanele;Ndlovu;zanele.ndlovu018@example.test;+27 555 1018;Pioneer Manufacturing;IT Manager;406 Oak Avenue;Cape Town;WC;8001;South Africa
Elias;Nilsen;elias.nilsen019@example.test;+47 555 1019;BlueWave Consulting;Customer Success Manager;423 Main Street;Oslo;03;0001;Norway
Grace;Ryan;grace.ryan020@example.test;+353 555 1020;Evergreen Retail;Software Engineer;440 Maple Road;Dublin;D02;D02 X285;Ireland
Emily;Carter;emily.carter021@example.test;+1 555 1021;Greenfield Logistics;Financial Analyst;457 Maple Road;New York;NY;10001;United States
Noah;Bennett;noah.bennett022@example.test;+1 555 1022;BrightPath Solutions;Operations Manager;474 Central Avenue;Toronto;ON;M5H 2N2;Canada
George;Brown;george.brown023@example.test;+44 555 1023;BrightPath Solutions;Marketing Manager;491 Maple Road;London;England;SW1A 1AA;United Kingdom
Lukas;Wagner;lukas.wagner024@example.test;+49 555 1024;Pioneer Manufacturing;Marketing Manager;508 Market Street;Berlin;BE;10115;Germany
Arthur;Robert;arthur.robert025@example.test;+33 555 1025;Pioneer Manufacturing;Account Executive;525 Market Street;Paris;IDF;75001;France
Lucia;Martinez;lucia.martinez026@example.test;+34 555 1026;Vertex Engineering;Customer Success Manager;542 Oak Avenue;Madrid;MD;28001;Spain
Marco;Romano;marco.romano027@example.test;+39 555 1027;Pioneer Manufacturing;Financial Analyst;559 Central Avenue;Rome;RM;00100;Italy
Eva;Bakker;eva.bakker028@example.test;+31 555 1028;Lighthouse Media;Operations Manager;576 Central Avenue;Amsterdam;NH;1012;Netherlands
Erik;Johansson;erik.johansson029@example.test;+46 555 1029;BlueWave Consulting;IT Manager;593 Main Street;Stockholm;AB;111 20;Sweden
David;Frei;david.frei030@example.test;+41 555 1030;Northstar Technologies;Marketing Manager;610 Main Street;Zurich;ZH;8001;Switzerland
Jack;Harris;jack.harris031@example.test;+61 555 1031;Vertex Engineering;Software Engineer;627 Maple Road;Sydney;NSW;2000;Australia
Yui;Suzuki;yui.suzuki032@example.test;+81 555 1032;Evergreen Retail;HR Business Partner;644 Main Street;Tokyo;13;100-0001;Japan
Ethan;Lim;ethan.lim033@example.test;+65 555 1033;Northstar Technologies;Account Executive;661 Main Street;Singapore;SG;018989;Singapore
João;Silva;joao.silva034@example.test;+55 555 1034;Greenfield Logistics;HR Business Partner;678 Oak Avenue;Sao Paulo;SP;01000-000;Brazil
Alejandro;Hernandez;alejandro.hernandez035@example.test;+52 555 1035;Apex Financial Group;Software Engineer;695 Central Avenue;Mexico City;CMX;01000;Mexico
Arjun;Sharma;arjun.sharma036@example.test;+91 555 1036;BrightPath Solutions;IT Manager;712 Central Avenue;Mumbai;MH;400001;India
Lina;Nasser;lina.nasser037@example.test;+971 555 1037;Vertex Engineering;Customer Success Manager;729 Main Street;Dubai;DU;00000;United Arab Emirates
Ethan;Jacobs;ethan.jacobs038@example.test;+27 555 1038;BlueWave Consulting;Customer Success Manager;746 Main Street;Cape Town;WC;8001;South Africa
Elias;Nilsen;elias.nilsen039@example.test;+47 555 1039;Lighthouse Media;Customer Success Manager;763 Oak Avenue;Oslo;03;0001;Norway
Cian;O'Connor;cian.oconnor040@example.test;+353 555 1040;Northstar Technologies;Operations Manager;780 Main Street;Dublin;D02;D02 X285;Ireland
Daniel;Johnson;daniel.johnson041@example.test;+1 555 1041;Apex Financial Group;IT Manager;797 Maple Road;New York;NY;10001;United States
Emma;Clark;emma.clark042@example.test;+1 555 1042;Lighthouse Media;Marketing Manager;814 Oak Avenue;Toronto;ON;M5H 2N2;Canada
Harry;Evans;harry.evans043@example.test;+44 555 1043;Lighthouse Media;IT Manager;831 Main Street;London;England;SW1A 1AA;United Kingdom
Laura;Fischer;laura.fischer044@example.test;+49 555 1044;BrightPath Solutions;Software Engineer;848 Maple Road;Berlin;BE;10115;Germany
Chloé;Bernard;chloe.bernard045@example.test;+33 555 1045;Lighthouse Media;Software Engineer;865 Central Avenue;Paris;IDF;75001;France
Pablo;Torres;pablo.torres046@example.test;+34 555 1046;Greenfield Logistics;Software Engineer;882 Main Street;Madrid;MD;28001;Spain
Giulia;Ferrari;giulia.ferrari047@example.test;+39 555 1047;Lighthouse Media;Financial Analyst;899 Central Avenue;Rome;RM;00100;Italy
Milan;Visser;milan.visser048@example.test;+31 555 1048;Northstar Technologies;IT Manager;916 Maple Road;Amsterdam;NH;1012;Netherlands
Oskar;Karlsson;oskar.karlsson049@example.test;+46 555 1049;Lighthouse Media;IT Manager;933 Main Street;Stockholm;AB;111 20;Sweden
Jan;Moser;jan.moser050@example.test;+41 555 1050;Evergreen Retail;IT Manager;950 Main Street;Zurich;ZH;8001;Switzerland
Mia;Robinson;mia.robinson051@example.test;+61 555 1051;Pioneer Manufacturing;Operations Manager;967 Maple Road;Sydney;NSW;2000;Australia
Aoi;Tanaka;aoi.tanaka052@example.test;+81 555 1052;BrightPath Solutions;Software Engineer;984 Market Street;Tokyo;13;100-0001;Japan
Alicia;Wong;alicia.wong053@example.test;+65 555 1053;Apex Financial Group;Financial Analyst;1001 Central Avenue;Singapore;SG;018989;Singapore
Mariana;Santos;mariana.santos054@example.test;+55 555 1054;Lighthouse Media;Marketing Manager;1018 Main Street;Sao Paulo;SP;01000-000;Brazil
Diego;Lopez;diego.lopez055@example.test;+52 555 1055;Summit Healthcare;Customer Success Manager;1035 Market Street;Mexico City;CMX;01000;Mexico
Arjun;Sharma;arjun.sharma056@example.test;+91 555 1056;Vertex Engineering;Operations Manager;1052 Central Avenue;Mumbai;MH;400001;India
Mariam;Khalid;mariam.khalid057@example.test;+971 555 1057;Greenfield Logistics;Operations Manager;1069 Maple Road;Dubai;DU;00000;United Arab Emirates
Thabo;Dlamini;thabo.dlamini058@example.test;+27 555 1058;Lighthouse Media;Marketing Manager;1086 Central Avenue;Cape Town;WC;8001;South Africa
Elias;Nilsen;elias.nilsen059@example.test;+47 555 1059;Apex Financial Group;Marketing Manager;1103 Oak Avenue;Oslo;03;0001;Norway
Sean;Murphy;sean.murphy060@example.test;+353 555 1060;Evergreen Retail;Marketing Manager;1120 Central Avenue;Dublin;D02;D02 X285;Ireland
Emily;Carter;emily.carter061@example.test;+1 555 1061;BlueWave Consulting;Customer Success Manager;1137 Market Street;New York;NY;10001;United States
Lucas;Thompson;lucas.thompson062@example.test;+1 555 1062;Northstar Technologies;Marketing Manager;1154 Maple Road;Toronto;ON;M5H 2N2;Canada
George;Brown;george.brown063@example.test;+44 555 1063;Apex Financial Group;Financial Analyst;1171 Central Avenue;London;England;SW1A 1AA;United Kingdom
Laura;Fischer;laura.fischer064@example.test;+49 555 1064;Greenfield Logistics;Software Engineer;1188 Oak Avenue;Berlin;BE;10115;Germany
Louis;Martin;louis.martin065@example.test;+33 555 1065;Apex Financial Group;IT Manager;1205 Oak Avenue;Paris;IDF;75001;France
Lucia;Martinez;lucia.martinez066@example.test;+34 555 1066;Evergreen Retail;Customer Success Manager;1222 Main Street;Madrid;MD;28001;Spain
Sofia;Conti;sofia.conti067@example.test;+39 555 1067;Summit Healthcare;Marketing Manager;1239 Maple Road;Rome;RM;00100;Italy
Daan;De Vries;daan.devries068@example.test;+31 555 1068;Greenfield Logistics;IT Manager;1256 Oak Avenue;Amsterdam;NH;1012;Netherlands
Leo;Larsson;leo.larsson069@example.test;+46 555 1069;Apex Financial Group;HR Business Partner;1273 Maple Road;Stockholm;AB;111 20;Sweden
David;Frei;david.frei070@example.test;+41 555 1070;Pioneer Manufacturing;Marketing Manager;1290 Central Avenue;Zurich;ZH;8001;Switzerland
Henry;Scott;henry.scott071@example.test;+61 555 1071;Northstar Technologies;Software Engineer;1307 Main Street;Sydney;NSW;2000;Australia
Yui;Suzuki;yui.suzuki072@example.test;+81 555 1072;Greenfield Logistics;Software Engineer;1324 Market Street;Tokyo;13;100-0001;Japan
Daniel;Ng;daniel.ng073@example.test;+65 555 1073;Vertex Engineering;Financial Analyst;1341 Market Street;Singapore;SG;018989;Singapore
Pedro;Costa;pedro.costa074@example.test;+55 555 1074;Northstar Technologies;Software Engineer;1358 Market Street;Sao Paulo;SP;01000-000;Brazil
Sofia;Morales;sofia.morales075@example.test;+52 555 1075;Apex Financial Group;HR Business Partner;1375 Central Avenue;Mexico City;CMX;01000;Mexico
Vikram;Singh;vikram.singh076@example.test;+91 555 1076;Apex Financial Group;Operations Manager;1392 Central Avenue;Mumbai;MH;400001;India
Mariam;Khalid;mariam.khalid077@example.test;+971 555 1077;Summit Healthcare;IT Manager;1409 Maple Road;Dubai;DU;00000;United Arab Emirates
Amara;Naidoo;amara.naidoo078@example.test;+27 555 1078;Evergreen Retail;Marketing Manager;1426 Central Avenue;Cape Town;WC;8001;South Africa
Nora;Berg;nora.berg079@example.test;+47 555 1079;BrightPath Solutions;Software Engineer;1443 Market Street;Oslo;03;0001;Norway
Grace;Ryan;grace.ryan080@example.test;+353 555 1080;Summit Healthcare;Financial Analyst;1460 Market Street;Dublin;D02;D02 X285;Ireland
Sarah;Miller;sarah.miller081@example.test;+1 555 1081;Apex Financial Group;Account Executive;1477 Maple Road;New York;NY;10001;United States
Olivia;Anderson;olivia.anderson082@example.test;+1 555 1082;Vertex Engineering;Financial Analyst;1494 Oak Avenue;Toronto;ON;M5H 2N2;Canada
Oliver;Smith;oliver.smith083@example.test;+44 555 1083;Summit Healthcare;Marketing Manager;1511 Main Street;London;England;SW1A 1AA;United Kingdom
Jonas;Müller;jonas.muller084@example.test;+49 555 1084;BlueWave Consulting;Account Executive;1528 Market Street;Berlin;BE;10115;Germany
Camille;Thomas;camille.thomas085@example.test;+33 555 1085;Lighthouse Media;Software Engineer;1545 Central Avenue;Paris;IDF;75001;France
Lucia;Martinez;lucia.martinez086@example.test;+34 555 1086;BrightPath Solutions;IT Manager;1562 Main Street;Madrid;MD;28001;Spain
Giulia;Ferrari;giulia.ferrari087@example.test;+39 555 1087;Vertex Engineering;IT Manager;1579 Market Street;Rome;RM;00100;Italy
Bram;Van Dijk;bram.vandijk088@example.test;+31 555 1088;Apex Financial Group;Account Executive;1596 Oak Avenue;Amsterdam;NH;1012;Netherlands
Oskar;Karlsson;oskar.karlsson089@example.test;+46 555 1089;BrightPath Solutions;Operations Manager;1613 Main Street;Stockholm;AB;111 20;Sweden
Noah;Keller;noah.keller090@example.test;+41 555 1090;Vertex Engineering;Customer Success Manager;1630 Market Street;Zurich;ZH;8001;Switzerland
Jack;Harris;jack.harris091@example.test;+61 555 1091;BlueWave Consulting;IT Manager;1647 Main Street;Sydney;NSW;2000;Australia
Yui;Suzuki;yui.suzuki092@example.test;+81 555 1092;Summit Healthcare;Marketing Manager;1664 Central Avenue;Tokyo;13;100-0001;Japan
Daniel;Ng;daniel.ng093@example.test;+65 555 1093;Apex Financial Group;IT Manager;1681 Oak Avenue;Singapore;SG;018989;Singapore
Mariana;Santos;mariana.santos094@example.test;+55 555 1094;Pioneer Manufacturing;HR Business Partner;1698 Central Avenue;Sao Paulo;SP;01000-000;Brazil
Diego;Lopez;diego.lopez095@example.test;+52 555 1095;Northstar Technologies;Account Executive;1715 Maple Road;Mexico City;CMX;01000;Mexico
Rohan;Mehta;rohan.mehta096@example.test;+91 555 1096;Greenfield Logistics;Customer Success Manager;1732 Main Street;Mumbai;MH;400001;India
Youssef;Ali;youssef.ali097@example.test;+971 555 1097;BlueWave Consulting;Marketing Manager;1749 Maple Road;Dubai;DU;00000;United Arab Emirates
Liam;Mokoena;liam.mokoena098@example.test;+27 555 1098;BlueWave Consulting;Operations Manager;1766 Central Avenue;Cape Town;WC;8001;South Africa
Ingrid;Larsen;ingrid.larsen099@example.test;+47 555 1099;Vertex Engineering;Account Executive;1783 Market Street;Oslo;03;0001;Norway
Sean;Murphy;sean.murphy100@example.test;+353 555 1100;BrightPath Solutions;HR Business Partner;1800 Oak Avenue;Dublin;D02;D02 X285;Ireland